CDE_DxAge;CDE_survival_time;additional_immuno_therapy;age_at_initial_pathologic_diagnosis;days_to_birth;days_to_collection;days_to_death;days_to_initial_pathologic_diagnosis;days_to_last_followup;days_to_new_tumor_event_additional_surgery_procedure;days_to_new_tumor_event_after_initial_treatment;days_to_tumor_progression;days_to_tumor_recurrence;gender;histological_type;icd_o_3_histology;immuno_therapy;sample_type;sample_type_id
TCGA-06-0125-02;63.91;1448;NO;63;-23343;NA;1448;0;1439;NA;797;797;NA;FEMALE;Untreated primary (de novo) GBM;9440/3;NO;Recurrent Tumor;2
TCGA-06-0130-01;54.24;394;NO;54;-19812;NA;394;0;320;NA;244;244;NA;MALE;Untreated primary (de novo) GBM;9440/3;NO;Primary Tumor;1
TCGA-06-0152-02;68.02;375;NO;68;-24844;NA;375;0;359;NA;299;299;NA;MALE;Untreated primary (de novo) GBM;9440/3;NO;Recurrent Tumor;2
TCGA-06-0168-01;59.62;598;NO;59;-21776;NA;598;0;579;NA;461;461;NA;FEMALE;Untreated primary (de novo) GBM;9440/3;NO;Primary Tumor;1
TCGA-06-0171-02;65.94;399;NO;65;-24085;NA;399;0;396;NA;117;117;NA;MALE;Untreated primary (de novo) GBM;9440/3;NO;Recurrent Tumor;2
TCGA-06-0178-01;38.97;1642;NO;38;-14235;NA;;0;1642;NA;192;192;NA;MALE;Untreated primary (de novo) GBM;9440/3;NO;Primary Tumor;1
TCGA-06-0190-01;62.52;317;NO;62;-22835;NA;317;0;313;NA;88;88;NA;MALE;Untreated primary (de novo) GBM;9440/3;NO;Primary Tumor;1
TCGA-06-0675-11;NA;NA;;NA;NA;NA;;NA;NA;NA;;;NA;;;;;Solid Tissue Normal;11
TCGA-06-0678-11;NA;NA;;NA;NA;NA;;NA;NA;NA;;;NA;;;;;Solid Tissue Normal;11
TCGA-06-0681-11;NA;NA;;NA;NA;NA;;NA;NA;NA;;;NA;;;;;Solid Tissue Normal;11
TCGA-06-0744-01;67;594;NO;66;-24471;NA;;0;595;NA;1277;;NA;MALE;Untreated primary (de novo) GBM;9440/3;NO;Primary Tumor;1
TCGA-06-0878-01;74.8;218;NO;74;-27319;NA;;0;218;NA;66;;66;MALE;Untreated primary (de novo) GBM;9440/3;NO;Primary Tumor;1
TCGA-06-0882-01;30.42;165;NO;30;-11112;NA;632;0;165;NA;213;;NA;MALE;Untreated primary (de novo) GBM;9440/3;NO;Primary Tumor;1
TCGA-06-1804-01;NA;NA;;81;-29802;NA;414;0;414;NA;;;NA;FEMALE;Untreated primary (de novo) GBM;9440/3;;Primary Tumor;1
TCGA-06-2557-01;76.6;33;NO;76;-27980;NA;33;0;33;NA;;;NA;MALE;Untreated primary (de novo) GBM;9440/3;NO;Primary Tumor;1
TCGA-06-2559-01;83.72;149;NO;83;-30580;NA;150;0;150;NA;;;NA;MALE;Untreated primary (de novo) GBM;9440/3;NO;Primary Tumor;1
TCGA-06-2567-01;65.05;133;NO;65;-23759;NA;133;0;133;NA;;;NA;MALE;Untreated primary (de novo) GBM;9440/3;NO;Primary Tumor;1
TCGA-06-2569-01;24.42;13;NO;24;-8922;NA;;0;13;NA;;;NA;FEMALE;Untreated primary (de novo) GBM;9440/3;;Primary Tumor;1
TCGA-06-AABW-11;NA;NA;;NA;NA;NA;;NA;NA;NA;;;NA;;;;;Solid Tissue Normal;11
TCGA-12-3653-01;34.3;442;NO;34;-12529;NA;442;0;357;NA;224;223;NA;FEMALE;Untreated primary (de novo) GBM;9440/3;YES;Primary Tumor;1
TCGA-12-5299-01;56.02;98;NO;56;-20463;NA;98;0;98;NA;;;NA;FEMALE;Untreated primary (de novo) GBM;9440/3;NO;Primary Tumor;1
TCGA-14-0736-02;49.88;459;NO;49;-18219;NA;460;0;460;NA;128;;127;MALE;Untreated primary (de novo) GBM;9440/3;NO;Recurrent Tumor;2
TCGA-14-0781-01;49.02;29;NO;49;-17903;NA;29;0;29;NA;;;NA;MALE;Untreated primary (de novo) GBM;9440/3;NO;Primary Tumor;1
TCGA-14-0787-01;69.34;68;NO;69;-25326;NA;68;0;68;NA;;;NA;MALE;Untreated primary (de novo) GBM;9440/3;NO;Primary Tumor;1
TCGA-14-0790-01;64.82;418;NO;64;-23674;NA;419;0;419;NA;;;NA;FEMALE;Untreated primary (de novo) GBM;9440/3;NO;Primary Tumor;1
TCGA-14-0871-01;74.98;879;NO;74;-27387;NA;880;0;880;NA;;;NA;FEMALE;Untreated primary (de novo) GBM;9440/3;NO;Primary Tumor;1
TCGA-14-1034-01;60.31;485;NO;60;-22029;NA;485;0;485;NA;282;274;NA;FEMALE;Untreated primary (de novo) GBM;9440/3;NO;Primary Tumor;1
TCGA-14-1402-02;58.65;974;NO;58;-21421;NA;975;0;975;NA;333;333;NA;FEMALE;Untreated primary (de novo) GBM;9440/3;NO;Recurrent Tumor;2
TCGA-15-1444-01;NA;NA;;21;-7827;NA;1537;0;NA;NA;;;NA;MALE;Glioblastoma Multiforme (GBM);9440/3;;Primary Tumor;1
TCGA-16-0846-01;85.18;119;NO;85;-31111;NA;119;0;119;NA;;;NA;MALE;Untreated primary (de novo) GBM;9440/3;NO;Primary Tumor;1
TCGA-19-1389-02;51.09;141;NO;51;-18659;NA;141;0;141;NA;81;;81;MALE;Untreated primary (de novo) GBM;9440/3;NO;Recurrent Tumor;2
TCGA-19-1787-01;48.99;385;NO;48;-17894;NA;385;0;385;NA;308;;307;MALE;Untreated primary (de novo) GBM;9440/3;NO;Primary Tumor;1
TCGA-19-2624-01;51.72;5;NO;51;-18891;NA;5;0;5;NA;;;NA;MALE;Untreated primary (de novo) GBM;9440/3;NO;Primary Tumor;1
TCGA-19-2629-01;60.94;NA;NO;60;-22257;NA;737;0;501;NA;145;145;NA;MALE;Untreated primary (de novo) GBM;9440/3;NO;Primary Tumor;1
TCGA-19-4065-01;NA;NA;;36;-13257;NA;;0;214;NA;70;;NA;MALE;Untreated primary (de novo) GBM;9440/3;;Primary Tumor;1
TCGA-26-1442-01;43.67;953;NO;43;-15950;NA;;0;953;NA;;;NA;MALE;Untreated primary (de novo) GBM;9440/3;NO;Primary Tumor;1
TCGA-26-5132-01;74.46;286;NO;74;-27196;NA;;0;286;NA;;;NA;MALE;Untreated primary (de novo) GBM;9440/3;NO;Primary Tumor;1
TCGA-26-5136-01;78.02;37;;78;-28496;NA;577;0;37;NA;;;NA;FEMALE;Untreated primary (de novo) GBM;9440/3;;Primary Tumor;1
TCGA-27-1830-01;57.85;154;NO;57;-21131;NA;154;0;146;NA;124;;124;MALE;Untreated primary (de novo) GBM;9440/3;NO;Primary Tumor;1
TCGA-27-1831-01;66.93;504;NO;66;-24447;NA;505;0;505;NA;144;143;NA;MALE;Untreated primary (de novo) GBM;9440/3;NO;Primary Tumor;1
TCGA-27-1832-01;59.35;300;NO;59;-21678;NA;300;0;0;NA;176;183;NA;FEMALE;Untreated primary (de novo) GBM;9440/3;NO;Primary Tumor;1
TCGA-27-1835-01;53.23;648;NO;53;-19444;NA;648;0;648;NA;157;157;NA;FEMALE;Untreated primary (de novo) GBM;9440/3;NO;Primary Tumor;1
TCGA-27-1837-01;36.6;427;NO;36;-13368;NA;427;0;427;NA;136;135;NA;MALE;Untreated primary (de novo) GBM;9440/3;NO;Primary Tumor;1
TCGA-27-2519-01;48.5;316;NO;48;-17715;NA;550;0;316;NA;256;256;NA;MALE;Untreated primary (de novo) GBM;9440/3;NO;Primary Tumor;1
TCGA-28-1747-01;44.63;77;NO;44;-16301;NA;77;0;77;NA;;;NA;MALE;Untreated primary (de novo) GBM;9440/3;NO;Primary Tumor;1
TCGA-28-2509-01;77.32;145;NO;77;-28240;NA;;0;145;NA;;;NA;FEMALE;Untreated primary (de novo) GBM;9440/3;NO;Primary Tumor;1
TCGA-28-5207-01;71.12;343;NO;71;-25975;NA;343;0;275;NA;;;NA;MALE;Untreated primary (de novo) GBM;9440/3;NO;Primary Tumor;1
TCGA-28-5208-01;52.16;473;NO;52;-19053;NA;544;0;474;NA;;147;NA;MALE;Untreated primary (de novo) GBM;9440/3;NO;Primary Tumor;1
TCGA-28-5218-01;63.23;157;;63;-23096;NA;157;0;128;NA;;;NA;MALE;Untreated primary (de novo) GBM;9440/3;NO;Primary Tumor;1
TCGA-32-1982-01;76.01;142;;76;-27764;NA;142;0;142;NA;;;NA;FEMALE;Untreated primary (de novo) GBM;9440/3;NO;Primary Tumor;1
TCGA-32-2632-01;80.17;269;;80;-29281;NA;269;0;269;NA;;;NA;MALE;Untreated primary (de novo) GBM;9440/3;;Primary Tumor;1
TCGA-32-2638-01;67.51;224;NO;67;-24658;NA;766;0;224;NA;;;NA;MALE;Untreated primary (de novo) GBM;9440/3;NO;Primary Tumor;1
TCGA-41-2572-01;67.09;406;NO;67;-24505;NA;406;0;406;NA;122;122;NA;MALE;Untreated primary (de novo) GBM;9440/3;NO;Primary Tumor;1
TCGA-76-4927-01;58.02;535;;58;-21193;NA;535;0;535;NA;416;[Discrepancy];NA;MALE;Untreated primary (de novo) GBM;9440/3;;Primary Tumor;1
TCGA-76-4932-01;NA;NA;;50;-18433;NA;1458;0;1458;NA;;;NA;FEMALE;Treated primary GBM;9440/3;;Primary Tumor;1
