age_at_initial_pathologic_diagnosis;days_to_additional_surgery_locoregional_procedure;days_to_additional_surgery_metastatic_procedure;days_to_birth;days_to_collection;days_to_death;days_to_initial_pathologic_diagnosis;days_to_last_followup;days_to_new_tumor_event_after_initial_treatment;gender;histological_type;icd_o_3_histology;pathologic_stage;sample_type;sample_type_id
TCGA-35-5375-01;61;NA;NA;-22628;NA;NA;0;264;NA;MALE;Lung Adenocarcinoma- Not Otherwise Specified (NOS);8140/3;Stage IIIA;Primary Tumor;1
TCGA-38-A44F-01;80;NA;NA;-29534;127;NA;0;133;NA;MALE;Lung Adenocarcinoma Mixed Subtype;8550/3;Stage IB;Primary Tumor;1
TCGA-44-5644-01;51;NA;NA;-18644;NA;NA;0;863;NA;FEMALE;Lung Adenocarcinoma- Not Otherwise Specified (NOS);8140/3;Stage IB;Primary Tumor;1
TCGA-44-6146-01;64;NA;NA;-23378;NA;NA;0;728;631;MALE;Lung Mucinous Adenocarcinoma;8480/3;Stage IIB;Primary Tumor;1
TCGA-44-7670-01;47;NA;NA;-17392;NA;NA;0;882;NA;FEMALE;Lung Adenocarcinoma- Not Otherwise Specified (NOS);8140/3;Stage IIA;Primary Tumor;1
TCGA-44-8119-01;73;NA;NA;-27003;NA;NA;0;285;NA;MALE;Lung Adenocarcinoma- Not Otherwise Specified (NOS);8140/3;Stage IIB;Primary Tumor;1
TCGA-44-A479-01;73;437;NA;-27024;193;NA;0;486;437;FEMALE;Lung Adenocarcinoma- Not Otherwise Specified (NOS);8140/3;Stage IB;Primary Tumor;1
TCGA-49-4507-01;73;NA;NA;-26851;NA;268;0;NA;158;FEMALE;Lung Adenocarcinoma- Not Otherwise Specified (NOS);8140/3;Stage IIIA;Primary Tumor;1
TCGA-50-5049-01;70;NA;NA;-25577;NA;NA;0;3094;2544;MALE;Lung Adenocarcinoma- Not Otherwise Specified (NOS);8140/3;Stage IA;Primary Tumor;1
TCGA-50-5931-01;75;NA;NA;-27733;NA;434;0;267;425;FEMALE;Lung Adenocarcinoma- Not Otherwise Specified (NOS);8140/3;Stage IB;Primary Tumor;1
TCGA-50-5932-01;75;NA;NA;-27454;NA;1235;0;1091;1090;MALE;Lung Adenocarcinoma- Not Otherwise Specified (NOS);8140/3;Stage IIB;Primary Tumor;1
TCGA-50-5936-01;58;177;NA;-21238;NA;257;0;NA;150;MALE;Mucinous (Colloid) Carcinoma;8480/3;Stage IIIA;Primary Tumor;1
TCGA-50-5939-01;85;NA;NA;-31236;NA;460;0;NA;NA;MALE;Lung Adenocarcinoma Mixed Subtype;8255/3;Stage IB;Primary Tumor;1
TCGA-50-5939-11;85;NA;NA;-31236;NA;460;0;NA;NA;MALE;Lung Adenocarcinoma Mixed Subtype;8255/3;Stage IB;Solid Tissue Normal;11
TCGA-50-5946-01;62;NA;NA;-22852;NA;NA;0;1617;811;MALE;Lung Adenocarcinoma Mixed Subtype;8255/3;Stage IA;Primary Tumor;1
TCGA-50-5946-02;62;NA;NA;-22852;NA;NA;0;1617;811;MALE;Lung Adenocarcinoma Mixed Subtype;8255/3;Stage IA;Recurrent Tumor;2
TCGA-50-6591-01;63;NA;NA;-23067;NA;119;0;NA;NA;FEMALE;Lung Adenocarcinoma- Not Otherwise Specified (NOS);8140/3;Stage IV;Primary Tumor;1
TCGA-55-1594-01;68;NA;NA;-25008;NA;NA;0;1178;NA;MALE;Lung Adenocarcinoma- Not Otherwise Specified (NOS);8140/3;Stage IIIA;Primary Tumor;1
TCGA-55-6712-01;71;NA;NA;NA;NA;171;0;24;NA;MALE;Lung Adenocarcinoma- Not Otherwise Specified (NOS);8140/3;Stage IIA;Primary Tumor;1
TCGA-55-6972-01;72;NA;NA;-26625;NA;1632;0;1475;NA;MALE;Lung Papillary Adenocarcinoma;8260/3;Stage IB;Primary Tumor;1
TCGA-55-7726-01;72;NA;NA;-26451;NA;NA;0;652;NA;FEMALE;Lung Adenocarcinoma- Not Otherwise Specified (NOS);8140/3;Stage IA;Primary Tumor;1
TCGA-55-7815-01;76;NA;NA;-28119;NA;NA;0;773;592;MALE;Lung Adenocarcinoma- Not Otherwise Specified (NOS);8140/3;Stage IB;Primary Tumor;1
TCGA-55-8206-01;56;NA;NA;-20690;NA;NA;0;888;NA;MALE;Lung Adenocarcinoma- Not Otherwise Specified (NOS);8140/3;Stage IA;Primary Tumor;1
TCGA-55-8299-01;61;NA;NA;-22626;NA;469;0;216;274;FEMALE;Lung Adenocarcinoma- Not Otherwise Specified (NOS);8140/3;Stage IA;Primary Tumor;1
TCGA-55-8615-01;67;NA;NA;-24786;NA;NA;0;446;224;MALE;Lung Adenocarcinoma- Not Otherwise Specified (NOS);8140/3;Stage IIIA;Primary Tumor;1
TCGA-55-8616-01;58;NA;NA;-21225;NA;NA;0;48;NA;FEMALE;Lung Adenocarcinoma- Not Otherwise Specified (NOS);8140/3;Stage IB;Primary Tumor;1
TCGA-55-A494-01;61;NA;NA;-22540;28;NA;0;481;NA;FEMALE;Lung Adenocarcinoma- Not Otherwise Specified (NOS);8140/3;Stage IB;Primary Tumor;1
TCGA-62-A46O-01;65;NA;NA;-24050;2349;1454;0;NA;NA;FEMALE;Lung Adenocarcinoma- Not Otherwise Specified (NOS);8140/3;Stage IB;Primary Tumor;1
TCGA-62-A471-01;64;NA;NA;-23689;951;NA;0;1246;NA;MALE;Lung Adenocarcinoma- Not Otherwise Specified (NOS);8140/3;Stage IIB;Primary Tumor;1
TCGA-64-1678-01;70;NA;NA;-25931;NA;NA;0;1189;NA;FEMALE;Lung Adenocarcinoma- Not Otherwise Specified (NOS);8140/3;[Discrepancy];Primary Tumor;1
TCGA-64-1679-01;58;NA;NA;-21310;NA;NA;0;2488;NA;FEMALE;Lung Adenocarcinoma- Not Otherwise Specified (NOS);8140/3;Stage IIIA;Primary Tumor;1
TCGA-64-5774-01;60;NA;NA;-22059;NA;NA;0;2676;277;MALE;Lung Adenocarcinoma- Not Otherwise Specified (NOS);8140/3;Stage IB;Primary Tumor;1
TCGA-64-5779-01;61;NA;797;-22305;NA;NA;0;864;795;MALE;Lung Acinar Adenocarcinoma;8550/3;Stage IIIA;Primary Tumor;1
TCGA-69-7760-01;73;NA;NA;-26777;NA;NA;0;202;NA;MALE;Lung Adenocarcinoma Mixed Subtype;8255/3;Stage IIB;Primary Tumor;1
TCGA-69-8255-01;71;NA;NA;-26289;NA;NA;0;129;NA;MALE;Lung Solid Pattern Predominant Adenocarcinoma;8230/3;Stage IA;Primary Tumor;1
TCGA-71-8520-01;60;NA;NA;-21921;NA;210;0;3;179;FEMALE;Lung Adenocarcinoma- Not Otherwise Specified (NOS);8140/3;Stage IB;Primary Tumor;1
TCGA-73-4659-01;66;NA;NA;-24253;NA;711;0;711;316;MALE;Lung Adenocarcinoma- Not Otherwise Specified (NOS);8140/3;Stage IIIA;Primary Tumor;1
TCGA-78-7155-01;68;NA;NA;-24863;NA;1171;0;NA;209;MALE;Lung Adenocarcinoma- Not Otherwise Specified (NOS);8140/3;Stage IB;Primary Tumor;1
TCGA-78-7158-01;59;NA;NA;-21742;NA;179;0;NA;132;FEMALE;Lung Adenocarcinoma Mixed Subtype;8255/3;Stage IIIB;Primary Tumor;1
TCGA-78-7167-01;77;NA;NA;-28295;NA;2681;0;NA;726;MALE;Lung Papillary Adenocarcinoma;8260/3;Stage IV;Primary Tumor;1
TCGA-78-7542-01;56;NA;NA;-20763;NA;321;0;NA;NA;MALE;Lung Adenocarcinoma- Not Otherwise Specified (NOS);8140/3;Stage IB;Primary Tumor;1
TCGA-86-7955-01;62;NA;NA;-22772;NA;NA;0;1072;820;MALE;Lung Adenocarcinoma- Not Otherwise Specified (NOS);8140/3;Stage IB;Primary Tumor;1
TCGA-86-8054-01;61;NA;NA;-22584;NA;NA;0;1148;NA;MALE;Lung Acinar Adenocarcinoma;8550/3;Stage IIB;Primary Tumor;1
TCGA-86-8278-01;63;NA;NA;-23117;NA;NA;0;944;NA;FEMALE;Lung Adenocarcinoma- Not Otherwise Specified (NOS);8480/3;Stage IIB;Primary Tumor;1
TCGA-86-8674-01;50;NA;NA;-18479;NA;NA;0;806;NA;MALE;Lung Papillary Adenocarcinoma;8260/3;Stage IIA;Primary Tumor;1
TCGA-91-6847-01;62;NA;NA;-22862;NA;NA;0;842;772;FEMALE;Lung Adenocarcinoma- Not Otherwise Specified (NOS);8140/3;Stage IB;Primary Tumor;1
TCGA-93-8067-01;77;NA;NA;-28453;NA;NA;0;186;NA;MALE;Lung Adenocarcinoma- Not Otherwise Specified (NOS);8140/3;Stage IB;FFPE Scrolls;1
TCGA-95-7947-01;67;NA;NA;-24752;NA;NA;0;477;NA;MALE;Lung Adenocarcinoma Mixed Subtype;8255/3;Stage IA;Primary Tumor;1
TCGA-97-7938-01;76;NA;NA;-27980;NA;18;0;NA;NA;FEMALE;Lung Bronchioloalveolar Carcinoma Nonmucinous;8252/3;Stage IA;Primary Tumor;1
TCGA-J2-8194-01;69;NA;518;-25441;NA;NA;0;724;470;FEMALE;Lung Adenocarcinoma Mixed Subtype;8255/3;Stage IIB;Primary Tumor;1
TCGA-L9-A443-01;63;NA;NA;-23062;50;193;0;116;NA;FEMALE;Lung Adenocarcinoma- Not Otherwise Specified (NOS);8140/3;Stage IA;Primary Tumor;1
TCGA-L9-A743-01;56;NA;NA;-20780;97;NA;0;664;NA;MALE;Lung Adenocarcinoma- Not Otherwise Specified (NOS);8140/3;Stage IIA;Primary Tumor;1
TCGA-MP-A4SY-01;61;NA;NA;-22448;3620;1501;0;NA;NA;MALE;Lung Adenocarcinoma- Not Otherwise Specified (NOS);8140/3;Stage IIB;Primary Tumor;1
TCGA-MP-A4T6-01;76;NA;NA;-27993;2778;1790;0;NA;NA;FEMALE;Lung Adenocarcinoma- Not Otherwise Specified (NOS);8140/3;Stage IIIA;Primary Tumor;1
TCGA-MP-A4TE-01;56;NA;NA;-20627;1009;896;0;NA;845;MALE;Lung Adenocarcinoma- Not Otherwise Specified (NOS);8140/3;Stage IIA;Primary Tumor;1
TCGA-MP-A4TH-01;70;NA;NA;-25759;78;NA;0;741;NA;FEMALE;Lung Adenocarcinoma- Not Otherwise Specified (NOS);8140/3;Stage IA;Primary Tumor;1
TCGA-NJ-A4YG-01;65;NA;NA;-23812;1691;NA;0;2261;NA;MALE;Lung Adenocarcinoma- Not Otherwise Specified (NOS);8255/3;Stage IB;Primary Tumor;1
