AJCC_Stage_nature2012;Age_at_Initial_Pathologic_Diagnosis_nature2012;CN_Clusters_nature2012;Converted_Stage_nature2012;Days_to_Date_of_Last_Contact_nature2012;Days_to_date_of_Death_nature2012;ER_Status_nature2012;Gender_nature2012;HER2_Final_Status_nature2012;Integrated_Clusters_no_exp__nature2012;Integrated_Clusters_unsup_exp__nature2012;Integrated_Clusters_with_PAM50__nature2012;Metastasis_Coded_nature2012;Metastasis_nature2012;Node_Coded_nature2012;Node_nature2012;OS_Time_nature2012;OS_event_nature2012;PAM50_mRNA_nature2012;PR_Status_nature2012;RPPA_Clusters_nature2012;SigClust_Intrinsic_mRNA_nature2012;SigClust_Unsupervised_mRNA_nature2012;Survival_Data_Form_nature2012;Tumor_T1_Coded_nature2012;Tumor_nature2012;Vital_Status_nature2012;age_at_initial_pathologic_diagnosis;axillary_lymph_node_stage_method_type;axillary_lymph_node_stage_other_method_descriptive_text;breast_carcinoma_immunohistochemistry_er_pos_finding_scale;breast_carcinoma_immunohistochemistry_pos_cell_score;breast_carcinoma_immunohistochemistry_prgstrn_rcptr_ps_fndng_scl;cytokeratin_immunohistochemistry_staining_method_mcrmtstss_ndctr;days_to_additional_surgery_locoregional_procedure;days_to_additional_surgery_metastatic_procedure;days_to_birth;days_to_collection;days_to_death;days_to_initial_pathologic_diagnosis;days_to_last_followup;days_to_last_known_alive;days_to_new_tumor_event_additional_surgery_procedure;days_to_new_tumor_event_after_initial_treatment;er_level_cell_percentage_category;gender;her2_immunohistochemistry_level_result;histological_type;histological_type_other;icd_o_3_histology;immunohistochemistry_positive_cell_score;lab_proc_her2_neu_immunohistochemistry_receptor_status;metastatic_breast_carcinoma_erbb2_immunohistochemistry_levl_rslt;metastatic_breast_carcinoma_immunohistochemistry_er_pos_cell_scr;metastatic_breast_carcinoma_immunohistochemistry_pr_pos_cell_scr;methylation_Clusters_nature2012;miRNA_Clusters_nature2012;pathologic_stage;sample_type;sample_type_id
TCGA-A2-A04V-01;Stage IIA;39;2;Stage IIA;1920;1920;Positive;FEMALE;Negative;3;3;3;Negative;M0;Negative;N0;1920;1;Luminal A;Positive;LumA/B;0;-3;enrollment;T_Other;T2;DECEASED;39;Sentinel node biopsy alone;;;;;YES;NA;NA;-14250;1812;1920;0;NA;NA;NA;1470;90-99%;FEMALE;2+;Infiltrating Ductal Carcinoma;;8500/3;;Equivocal;;;;2;2;Stage IIA;Primary Tumor;1
TCGA-A2-A0CO-01;;NA;NA;;NA;NA;;;;NA;NA;NA;;;;;NA;NA;;;;NA;NA;;;;;85;Axillary lymph node dissection alone;;3 Point Scale;2+;3 Point Scale;NO;NA;NA;-31404;NA;3492;0;3409;NA;NA;;40-49%;FEMALE;;Infiltrating Lobular Carcinoma;;8520/3;2+;Negative;;;;NA;NA;Stage IIB;Primary Tumor;1
TCGA-A2-A0SU-01;Stage IIA;66;2;Stage IIA;1661;NA;Positive;FEMALE;Negative;3;3;3;Negative;M0;Negative;N0;1661;0;Luminal A;Positive;LumA/B;0;0;followup;T_Other;T2;LIVING;66;Sentinel node biopsy alone;;;;;YES;NA;NA;-24219;1317;NA;0;1662;NA;NA;;90-99%;FEMALE;1+;Infiltrating Ductal Carcinoma;;8500/3;;Negative;;;;2;2;Stage IIA;Primary Tumor;1
TCGA-A2-A25A-01;Stage IIA;44;2;Stage IIA;2968;NA;Positive;FEMALE;Negative;NA;NA;NA;Negative;M0;Negative;N0;2968;0;;Positive;;NA;NA;enrollment;T_Other;T2;LIVING;44;Axillary lymph node dissection alone;;;;;YES;NA;NA;-16084;2927;NA;0;3276;NA;NA;;<10%;FEMALE;2+;Infiltrating Lobular Carcinoma;;8520/3;;Equivocal;;;;4;NA;Stage IIA;Primary Tumor;1
TCGA-A7-A0CE-11;;57;NA;;309;NA;;FEMALE;;NA;NA;NA;;;;;309;0;;;;NA;NA;followup;;;LIVING;57;Sentinel lymph node biopsy plus axillary dissection;;;;;YES;NA;NA;-20863;129;NA;0;1074;NA;NA;;<10%;FEMALE;2+;Infiltrating Ductal Carcinoma;;8500/3;;Equivocal;;;;NA;NA;Stage IIA;Solid Tissue Normal;11
TCGA-A7-A0CG-01;Stage IIA;78;2;Stage IIA;230;NA;Positive;FEMALE;Negative;3;4;3;Negative;M0;Negative;N0;230;0;Luminal A;Negative;ReacI;-5;-7;followup;T_Other;T2;LIVING;78;Sentinel lymph node biopsy plus axillary dissection;;;;;YES;NA;NA;-28596;93;NA;0;1043;NA;NA;;90-99%;FEMALE;1+;Mixed Histology (please specify);Mixed infiltrating lobular and grade 1 ductal carcinoma;8522/3;;Negative;;;;1;7;Stage IIA;Primary Tumor;1
TCGA-A7-A13E-01;Stage IIB;62;1;No_Conversion;326;NA;Positive;FEMALE;Negative;NA;NA;NA;Negative;M0;Positive;N1;326;0;Basal-like;Negative;Basal;-13;-12;followup;T_Other;T2;LIVING;62;Sentinel lymph node biopsy plus axillary dissection;;;;;NO;NA;NA;-22690;220;614;0;326;NA;NA;556;20-29%;FEMALE;2+;Infiltrating Ductal Carcinoma;;8500/3;;Equivocal;1+;;;4;5;Stage IIB;Primary Tumor;1
TCGA-A8-A07R-01;Stage IIIC;80;3;Stage IIIC;273;NA;Negative;FEMALE;Equivocal;2;2;2;Negative;M0;Positive;N3;273;0;Basal-like;Negative;Basal;-13;-12;enrollment;T_Other;T2;LIVING;80;;;;;;;NA;NA;-29251;NA;NA;0;273;NA;NA;;;FEMALE;2+;Infiltrating Ductal Carcinoma;;8500/3;;Positive;;;;5;4;Stage IIIC;Primary Tumor;1
TCGA-A8-A07U-01;Stage IIIA;66;3;Stage IIIA;303;NA;Negative;FEMALE;Negative;NA;NA;NA;Negative;M0;Positive;N2;303;0;Basal-like;Positive;;-13;-12;enrollment;T_Other;T2;LIVING;66;;;;;;;NA;NA;-24411;210;NA;0;760;NA;NA;;;FEMALE;;Infiltrating Ductal Carcinoma;;8500/3;;Negative;;;;5;4;Stage IIIA;Primary Tumor;1
TCGA-A8-A09A-01;Stage X;40;4;Stage IIA;304;NA;Positive;FEMALE;Negative;1;3;3;Negative;M0;Negative;N0;304;0;Luminal A;Positive;LumA;-3;-3;enrollment;T_Other;T2;LIVING;40;;;;;;;NA;NA;-14883;180;NA;0;304;NA;NA;;;FEMALE;1+;Infiltrating Ductal Carcinoma;;8500/3;;Negative;;;;4;4;Stage X;Primary Tumor;1
TCGA-A8-A09I-01;Stage IIA;84;5;Stage IIA;1006;NA;Positive;FEMALE;Positive;1;1;4;Negative;M0;Negative;N0;1006;0;Luminal B;Positive;Her2;-2;-5;enrollment;T_Other;T2;LIVING;84;;;;;;;NA;NA;-30711;698;NA;0;1371;NA;NA;;;FEMALE;3+;Infiltrating Ductal Carcinoma;;8500/3;;Positive;;;;3;4;Stage IIA;Primary Tumor;1
TCGA-AC-A7VC-01;;NA;NA;;NA;NA;;;;NA;NA;NA;;;;;NA;NA;;;;NA;NA;;;;;56;Sentinel node biopsy alone;;;;;YES;NA;NA;-20479;NA;NA;0;1;NA;NA;;;FEMALE;;Metaplastic Carcinoma;;8575/3;;Negative;;;;NA;NA;Stage IIB;Primary Tumor;1
TCGA-AN-A0AM-01;Stage IIA;56;3;No_Conversion;5;NA;Positive;FEMALE;Negative;1;1;4;Negative;M0;Negative;N0;5;0;Luminal B;Negative;LumA/B;-2;-5;enrollment;T_Other;T2;LIVING;56;No axillary staging;;;;;NO;NA;NA;-20713;47;NA;0;5;NA;NA;;;FEMALE;;Infiltrating Ductal Carcinoma;;8500/3;;Negative;;;;4;4;Stage IIA;Primary Tumor;1
TCGA-AN-A0XR-01;Stage IIIA;55;2;Stage IIIA;10;NA;Positive;FEMALE;Negative;NA;NA;NA;Negative;M0;Positive;N2;10;0;Luminal B;Negative;;-12;-3;enrollment;T_Other;T2;LIVING;55;;;;;;;NA;NA;-20381;155;NA;0;10;NA;NA;;;FEMALE;;Infiltrating Ductal Carcinoma;;8500/3;;Negative;;;;3;4;Stage IIIA;Primary Tumor;1
TCGA-AQ-A0Y5-01;Stage IIIA;70;3;Stage IIIA;NA;161;Positive;FEMALE;Positive;NA;NA;NA;Negative;M0;Positive;N2;161;1;;Positive;;NA;NA;followup;T_Other;T2;DECEASED;70;Sentinel lymph node biopsy plus axillary dissection;;;;;NO;NA;NA;-25793;212;172;0;NA;NA;NA;;70-79%;FEMALE;2+;Infiltrating Ductal Carcinoma;;8500/3;;Positive;;;;4;4;Stage IIIA;Primary Tumor;1
TCGA-AR-A0TS-01;Stage II;46;4;No_Conversion;1138;NA;Negative;FEMALE;Negative;2;2;2;Negative;M0;Positive;N1;1138;0;Basal-like;Negative;Basal;-13;-12;enrollment;T_Other;T2;LIVING;46;Sentinel lymph node biopsy plus axillary dissection;;;0;;YES;NA;NA;-17141;1549;NA;0;2558;NA;NA;;;FEMALE;1+;Infiltrating Ductal Carcinoma;;8500/3;;Negative;;;;5;5;Stage IIB;Primary Tumor;1
TCGA-AR-A1AL-01;Stage III;60;2;Stage IIIA;1485;NA;Positive;FEMALE;Negative;3;4;3;Negative;M0;Positive;N1;1485;0;Luminal A;Positive;ReacI;-4;0;enrollment;T_Other;T3;LIVING;60;Sentinel lymph node biopsy plus axillary dissection;;;;;YES;NA;NA;-22023;1528;NA;0;2971;NA;NA;;70-79%;FEMALE;1+;Infiltrating Lobular Carcinoma;;8520/3;;Negative;;;;2;6;Stage IIIA;Primary Tumor;1
TCGA-AR-A24O-01;Stage III;43;2;Stage IIIA;1997;NA;Positive;FEMALE;Negative;NA;NA;NA;Negative;M0;Positive;N2;1997;0;;Positive;;NA;NA;enrollment;T_Other;T3;LIVING;43;;;;;;;NA;NA;-15977;2213;NA;0;3607;NA;NA;2561;;FEMALE;;Mixed Histology (please specify);Lobular carcinoma with ductal features;8522/3;;Negative;;;;1;7;Stage IIIA;Primary Tumor;1
TCGA-B6-A0RH-01;Stage IIA;51;2;Stage IIA;5748;NA;Positive;FEMALE;Positive;3;3;3;Negative;M0;Negative;N0;5748;0;HER2-enriched;Positive;ReacII;-1;-5;followup;T_Other;T2;LIVING;51;Axillary lymph node dissection alone;;;;;NO;NA;2268;-18759;6821;6456;0;5749;NA;NA;2165;;FEMALE;;Infiltrating Ductal Carcinoma;;8500/3;;;;;;2;6;Stage IIA;Primary Tumor;1
TCGA-B6-A0X0-01;Stage IA;54;2;Stage I;NA;3945;Positive;FEMALE;Negative;3;3;3;Negative;M0;Negative;N0;3945;1;Luminal A;Positive;LumA;-5;-3;followup;T1;T1;DECEASED;54;Axillary lymph node dissection alone;;;;;NO;NA;NA;-19802;5243;3945;0;NA;NA;NA;;;FEMALE;;Other, specify;;8201/3;;;;;;2;7;Stage I;Primary Tumor;1
TCGA-BH-A0B3-01;Stage IIB;53;1;No_Conversion;1203;NA;Negative;FEMALE;Negative;2;2;2;Negative;M0;Positive;N1;1203;0;Basal-like;Negative;Basal;-13;-12;followup;T_Other;T2;LIVING;53;Sentinel lymph node biopsy plus axillary dissection;;;0;;NO;NA;NA;-19479;1030;NA;0;1203;NA;NA;;;FEMALE;1+;Infiltrating Ductal Carcinoma;;8500/3;0;Negative;;;;5;4;Stage IIB;Primary Tumor;1
TCGA-BH-A0B3-11;;53;NA;;1203;NA;;FEMALE;;NA;NA;NA;;;;;1203;0;;;;NA;NA;followup;;;LIVING;53;Sentinel lymph node biopsy plus axillary dissection;;;0;;NO;NA;NA;-19479;NA;NA;0;1203;NA;NA;;;FEMALE;1+;Infiltrating Ductal Carcinoma;;8500/3;0;Negative;;;;NA;NA;Stage IIB;Solid Tissue Normal;11
TCGA-BH-A0B7-01;Stage IIB;42;3;Stage IIB;1733;NA;Positive;FEMALE;Positive;2;2;1;Negative;M0;Positive;N1;1733;0;HER2-enriched;Positive;Her2;-11;-8;enrollment;T_Other;T2;LIVING;42;;;;;;;NA;NA;-15593;1391;NA;0;2559;NA;NA;;;FEMALE;3+;Infiltrating Ductal Carcinoma;;8500/3;;Positive;;;;5;3;Stage IIB;Primary Tumor;1
TCGA-BH-A0B9-01;Stage IA;44;1;Stage I;1572;NA;Negative;FEMALE;Negative;2;2;2;Negative;M0;Negative;N0;1572;0;Basal-like;Negative;Basal;-13;-12;followup;T1;T1;LIVING;44;Sentinel node biopsy alone;;;0;;NO;NA;NA;-16310;1391;NA;0;1572;NA;NA;;;FEMALE;0;Infiltrating Ductal Carcinoma;;8500/3;0;Negative;;;;5;5;Stage IA;Primary Tumor;1
TCGA-BH-A0BW-11;;71;NA;;355;NA;;FEMALE;;NA;NA;NA;;;;;355;0;;;;NA;NA;enrollment;;;LIVING;71;;;;;;;NA;NA;-25974;NA;NA;0;2371;NA;NA;;;FEMALE;;Infiltrating Ductal Carcinoma;;8500/3;;;;;;NA;NA;Stage I;Solid Tissue Normal;11
TCGA-BH-A0DT-11;;41;NA;;1170;NA;;FEMALE;;NA;NA;NA;;;;;1170;0;;;;NA;NA;enrollment;;;LIVING;41;;;;;;;NA;NA;-15078;1044;NA;0;2403;NA;NA;;;FEMALE;;Infiltrating Ductal Carcinoma;;8500/3;;Negative;;;;NA;NA;Stage IIA;Solid Tissue Normal;11
TCGA-BH-A0E6-01;Stage IA;69;1;Stage I;292;NA;Negative;FEMALE;Negative;1;4;3;Negative;M0;Negative;N0;292;0;Basal-like;Negative;ReacI;-13;0;followup;T1;T1;LIVING;69;Sentinel node biopsy alone;;;0;;NO;NA;NA;-25408;134;NA;0;293;NA;NA;;;FEMALE;2+;Infiltrating Ductal Carcinoma;;8500/3;0;Equivocal;;;;1;4;Stage IA;Primary Tumor;1
TCGA-BH-A18F-01;Stage IIA;50;2;Stage IIA;268;NA;Positive;FEMALE;Negative;3;4;3;Negative;M0;Negative;N0;268;0;Luminal B;Positive;ReacI;-4;-7;enrollment;T_Other;T2;LIVING;50;Sentinel node biopsy alone;;3 Point Scale;3+;3 Point Scale;;NA;NA;-18594;114;NA;0;1001;NA;NA;;70-79%;FEMALE;;Infiltrating Ductal Carcinoma;;8500/3;3+;Negative;;;;1;6;Stage IIA;Primary Tumor;1
TCGA-BH-A18N-11;;88;NA;;1148;1148;;FEMALE;;NA;NA;NA;;;;;1148;1;;;;NA;NA;enrollment;;;DECEASED;88;Axillary lymph node dissection alone;;;;;;NA;NA;-32404;3374;1148;0;NA;NA;NA;;;FEMALE;;Infiltrating Ductal Carcinoma;;8500/3;;Negative;;;;NA;NA;Stage IIA;Solid Tissue Normal;11
TCGA-BH-A1F8-11;;90;NA;;NA;749;;FEMALE;;NA;NA;NA;;;;;749;1;;;;NA;NA;enrollment;;;DECEASED;90;;;;;;;NA;NA;-32871;4301;763;0;NA;NA;NA;;;FEMALE;;Infiltrating Ductal Carcinoma;;8500/3;;Positive;;;;NA;NA;Stage IIIB;Solid Tissue Normal;11
TCGA-BH-A1FN-01;Stage IIA;34;1;Stage IIA;NA;2192;Positive;FEMALE;Negative;NA;NA;NA;Negative;M0;Negative;N0;2192;1;;Positive;;NA;NA;enrollment;T_Other;T2;DECEASED;34;;;;;;;NA;NA;-12525;4838;2192;0;NA;NA;NA;;;FEMALE;;Infiltrating Ductal Carcinoma;;8500/3;;;;;;5;4;Stage IIA;Primary Tumor;1
TCGA-C8-A1HO-01;Stage III;34;5;Stage IIIC;0;NA;Positive;FEMALE;Negative;NA;NA;NA;Negative;M0;Positive;N3;0;0;;Positive;;NA;NA;enrollment;T_Other;T3;LIVING;34;;;;;;;NA;NA;-12715;52;NA;0;375;NA;NA;;;FEMALE;;Infiltrating Ductal Carcinoma;;8500/3;;Negative;;;;3;5;Stage IIIC;Primary Tumor;1
TCGA-C8-A26V-01;Stage III;47;1;Stage IIIA;9;NA;Positive;FEMALE;Negative;NA;NA;NA;Negative;M0;Positive;N2;9;0;;Positive;;NA;NA;enrollment;T_Other;T3;LIVING;47;;;;;;;NA;NA;-17468;143;NA;0;616;NA;NA;;;FEMALE;;Infiltrating Ductal Carcinoma;;8500/3;;Negative;;;;4;NA;Stage IIIA;Primary Tumor;1
TCGA-C8-A27A-01;Stage IIB;48;4;Stage IIB;371;NA;Positive;FEMALE;Negative;NA;NA;NA;Negative;M0;Positive;N1;371;0;;Positive;;NA;NA;enrollment;T_Other;T2;LIVING;48;;;;;;;NA;NA;-17779;435;NA;0;747;NA;NA;;;FEMALE;1+;Infiltrating Ductal Carcinoma;;8500/3;;Negative;;;;3;5;Stage IIB;Primary Tumor;1
TCGA-D8-A1JF-01;Stage IIIA;79;3;Stage IIIA;96;NA;Negative;FEMALE;Negative;NA;NA;NA;Negative;M0;Positive;N2;96;0;;Negative;;NA;NA;enrollment;T1;T1;LIVING;79;Axillary lymph node dissection alone;;;;;NO;NA;NA;-29199;NA;NA;0;366;NA;NA;;;FEMALE;1+;Infiltrating Ductal Carcinoma;;8500/3;;Negative;;;;1;3;Stage IIIA;Primary Tumor;1
TCGA-D8-A1JT-01;Stage IIA;70;4;Stage IIA;405;NA;Positive;FEMALE;Negative;NA;NA;NA;Negative;M0;Negative;N0;405;0;;Positive;;NA;NA;followup;T_Other;T2;LIVING;70;Axillary lymph node dissection alone;;;;;NO;NA;NA;-25677;250;NA;0;405;NA;NA;;70-79%;FEMALE;2+;Other, specify;;8523/3;;Equivocal;;;;4;4;Stage IIA;Primary Tumor;1
TCGA-D8-A1X8-01;Stage IIA;62;2;Stage IIIA;272;NA;Positive;FEMALE;Negative;NA;NA;NA;Negative;M0;Positive;N2;272;0;;Indeterminate;;NA;NA;enrollment;T1;T1;LIVING;62;Axillary lymph node dissection alone;;;2+;4 Point Scale;NO;NA;NA;-22995;225;NA;0;783;NA;NA;;;FEMALE;;Infiltrating Lobular Carcinoma;;8520/3;;Negative;;;;4;1;Stage IIIA;Primary Tumor;1
TCGA-D8-A1XC-01;Stage IIIB;85;3;Stage IIIB;81;NA;Positive;FEMALE;Negative;NA;NA;NA;Negative;M0;Positive;N1;81;0;;Positive;;NA;NA;enrollment;T_Other;T4;LIVING;85;Axillary lymph node dissection alone;;;;;NO;NA;NA;-31220;215;377;0;81;NA;NA;[Discrepancy];;FEMALE;1+;Mucinous Carcinoma;;8480/3;;Negative;;;;2;7;Stage IIIB;Primary Tumor;1
TCGA-D8-A1XG-01;Stage IIIB;86;3;Stage IIIB;196;NA;Positive;FEMALE;Negative;NA;NA;NA;Negative;M0;Positive;N1;196;0;;Negative;;NA;NA;enrollment;T_Other;T4;LIVING;86;Axillary lymph node dissection alone;;;;;YES;NA;NA;-31748;169;NA;0;448;NA;NA;;;FEMALE;;Infiltrating Ductal Carcinoma;;8500/3;;Negative;;;;2;1;Stage IIIB;Primary Tumor;1
TCGA-E2-A106-01;Stage IB;34;4;No_Conversion;1807;NA;Positive;FEMALE;Negative;NA;NA;NA;Negative;M0;Positive;N1;1807;0;Luminal A;Positive;;0;-3;followup;T1;T1;LIVING;34;Sentinel lymph node biopsy plus axillary dissection;;;;;NO;NA;NA;-12528;NA;NA;0;2541;NA;NA;;90-99%;FEMALE;2+;Infiltrating Ductal Carcinoma;;8500/3;;Equivocal;;;;4;4;Stage IB;Primary Tumor;1
TCGA-E2-A14R-01;Stage IIA;62;1;Stage IIA;845;NA;Negative;FEMALE;Negative;NA;NA;NA;Negative;M0;Negative;N0;845;0;Basal-like;Negative;;-13;-12;enrollment;T_Other;T2;LIVING;62;Sentinel lymph node biopsy plus axillary dissection;;;;;NO;NA;971;-22686;910;NA;0;1174;NA;NA;971;;FEMALE;1+;Infiltrating Ductal Carcinoma;;8500/3;;Negative;;;;5;5;Stage IIA;Primary Tumor;1
TCGA-E2-A14X-01;Stage IIIA;55;4;Stage IIIA;692;NA;Negative;FEMALE;Negative;3;2;2;Negative;M0;Positive;N2;692;0;Basal-like;Negative;ReacII;-13;-12;enrollment;T_Other;T2;LIVING;55;Sentinel lymph node biopsy plus axillary dissection;;;;;NO;NA;NA;-20105;652;NA;0;972;NA;NA;;;FEMALE;1+;Infiltrating Ductal Carcinoma;;8500/3;;Negative;;;;5;3;Stage IIIA;Primary Tumor;1
TCGA-E2-A14Y-01;Stage IIA;35;2;Stage IIA;688;NA;Positive;FEMALE;Positive;3;3;3;Negative;M0;Negative;N0;688;0;Basal-like;Positive;ReacII;-13;0;enrollment;T_Other;T2;LIVING;35;Sentinel node biopsy alone;;;;;NO;NA;NA;-13004;597;NA;0;2109;NA;NA;;;FEMALE;2+;Infiltrating Ductal Carcinoma;;8500/3;;Equivocal;;;;2;5;Stage IIA;Primary Tumor;1
TCGA-E2-A15R-01;Stage IIIA;64;4;Stage IIA;330;NA;Positive;FEMALE;Negative;4;3;3;Negative;M0;Positive;N1;330;0;Luminal A;Positive;LumA/B;-10;-3;enrollment;T1;T1;LIVING;64;Sentinel node biopsy alone;;;;;NO;NA;NA;-23570;247;NA;0;1732;NA;NA;;;FEMALE;2+;Infiltrating Ductal Carcinoma;;8500/3;;Equivocal;;;;3;5;Stage IIA;Primary Tumor;1
TCGA-E9-A1NC-01;Stage IIB;61;1;Stage IIB;0;NA;Negative;FEMALE;Negative;NA;NA;NA;Negative;M0;Positive;N1;0;0;;Positive;;NA;NA;enrollment;T_Other;T2;LIVING;61;Axillary lymph node dissection alone;;;;;YES;NA;NA;-22355;38;NA;0;1203;NA;NA;;;FEMALE;;Mixed Histology (please specify);Infiltrating ductal and lobular carcinoma;8522/3;;Positive;;;;5;NA;Stage IIB;Primary Tumor;1
TCGA-E9-A1R6-01;Stage IIA;63;4;Stage IIA;84;NA;;FEMALE;Negative;NA;NA;NA;Negative;M0;Negative;N0;84;0;;;;NA;NA;enrollment;T_Other;T2;LIVING;63;Axillary lymph node dissection alone;;;;;NO;NA;NA;-23347;100;NA;0;339;NA;NA;;;FEMALE;;Infiltrating Ductal Carcinoma;;8500/3;;;;;;3;2;Stage IIA;Primary Tumor;1
TCGA-E9-A243-01;Stage IIA;52;3;Stage IIA;43;NA;;FEMALE;Negative;NA;NA;NA;Negative;M0;Negative;N0;43;0;;;;NA;NA;enrollment;T_Other;T2;LIVING;52;Axillary lymph node dissection alone;;;;;NO;NA;305;-19035;94;NA;0;612;NA;NA;305;;FEMALE;;Infiltrating Ductal Carcinoma;;8500/3;;;;;;5;3;Stage IIA;Primary Tumor;1
TCGA-E9-A5FK-01;;NA;NA;;NA;NA;;;;NA;NA;NA;;;;;NA;NA;;;;NA;NA;;;;;60;Axillary lymph node dissection alone;;3 Point Scale;3+;3 Point Scale;NO;NA;NA;-22199;77;NA;0;812;NA;NA;;80-89%;FEMALE;;Infiltrating Lobular Carcinoma;;8520/3;3+;Negative;;;;NA;NA;Stage IIIC;Primary Tumor;1
TCGA-EW-A1IX-01;Stage IIA;48;4;Stage IIA;1082;NA;Positive;FEMALE;Negative;NA;NA;NA;Negative;M0;Positive;N1;1082;0;;Positive;;NA;NA;enrollment;T1;T1;LIVING;48;Sentinel lymph node biopsy plus axillary dissection;;3 Point Scale;3+;3 Point Scale;YES;NA;NA;-17597;1030;NA;0;1208;NA;NA;;90-99%;FEMALE;;Other, specify;;8524/3;3+;Negative;;;;1;4;Stage IIA;Primary Tumor;1
TCGA-EW-A1PG-01;Stage IIB;53;1;Stage IIB;875;NA;Positive;FEMALE;Negative;NA;NA;NA;Negative;M0;Positive;N1;875;0;;Positive;;NA;NA;enrollment;T_Other;T2;LIVING;53;Sentinel lymph node biopsy plus axillary dissection;;3 Point Scale;3+;3 Point Scale;YES;NA;NA;-19464;829;NA;0;1051;NA;NA;;90-99%;FEMALE;2+;Infiltrating Lobular Carcinoma;;8520/3;3+;Equivocal;;;;1;6;Stage IIB;Primary Tumor;1
TCGA-EW-A2FR-01;;NA;NA;;NA;NA;;;;NA;NA;NA;;;;;NA;NA;;;;NA;NA;;;;;59;Axillary lymph node dissection alone;;3 Point Scale;1+;3 Point Scale;NO;NA;NA;-21628;1015;NA;0;1673;NA;NA;;<10%;FEMALE;2+;Infiltrating Ductal Carcinoma;;8500/3;1+;Equivocal;;;;NA;NA;Stage IIIC;Primary Tumor;1
TCGA-GM-A3XL-01;;NA;NA;;NA;NA;;;;NA;NA;NA;;;;;NA;NA;;;;NA;NA;;;;;49;Sentinel node biopsy alone;;;;;YES;NA;NA;-18171;1779;NA;0;2108;NA;NA;;<10%;FEMALE;;Infiltrating Ductal Carcinoma;;8500/3;;;;;;NA;NA;Stage IIA;Primary Tumor;1
TCGA-LL-A5YN-01;;NA;NA;;NA;NA;;;;NA;NA;NA;;;;;NA;NA;;;;NA;NA;;;;;46;Sentinel node biopsy alone;;3 Point Scale;3+;3 Point Scale;NO;NA;NA;-16884;41;NA;0;447;NA;NA;;90-99%;FEMALE;2+;Infiltrating Ductal Carcinoma;;8500/3;3+;Equivocal;;;;NA;NA;Stage IIA;Primary Tumor;1
TCGA-LL-A6FP-01;;NA;NA;;NA;NA;;;;NA;NA;NA;;;;;NA;NA;;;;NA;NA;;;;;90;No axillary staging;;3 Point Scale;1+;3 Point Scale;NO;NA;NA;-32873;NA;NA;0;677;NA;NA;;90-99%;FEMALE;2+;Infiltrating Lobular Carcinoma;;8520/3;3+;Equivocal;;;;NA;NA;Stage IIA;Primary Tumor;1
TCGA-LL-A6FR-01;;NA;NA;;NA;NA;;;;NA;NA;NA;;;;;NA;NA;;;;NA;NA;;;;;50;Sentinel node biopsy alone;;;1+;3 Point Scale;YES;NA;NA;-18520;30;NA;0;489;NA;NA;;;FEMALE;2+;Infiltrating Ductal Carcinoma;;8500/3;;Equivocal;;;;NA;NA;Stage IIA;Primary Tumor;1
TCGA-OL-A66I-01;;NA;NA;;NA;NA;;;;NA;NA;NA;;;;;NA;NA;;;;NA;NA;;;;;36;Sentinel node biopsy alone;;;;;;NA;NA;-13458;1715;NA;0;714;NA;NA;;;FEMALE;;Infiltrating Ductal Carcinoma;;8500/3;;;;;;NA;NA;Stage IIA;Primary Tumor;1
TCGA-PL-A8LZ-01;;NA;NA;;NA;NA;;;;NA;NA;NA;;;;;NA;NA;;;;NA;NA;;;;;29;;;;;;;NA;NA;-10869;NA;NA;0;302;NA;NA;;;FEMALE;;Infiltrating Ductal Carcinoma;;8500/3;;;;;;NA;NA;Stage IIIB;Primary Tumor;1
TCGA-UL-AAZ6-01;;NA;NA;;NA;NA;;;;NA;NA;NA;;;;;NA;NA;;;;NA;NA;;;;;73;;;3 Point Scale;;;;NA;NA;-26999;187;NA;0;518;NA;NA;;90-99%;FEMALE;;Infiltrating Ductal Carcinoma;;8500/3;3+;Positive;3+;3+;1+;NA;NA;Stage IIA;Primary Tumor;1
TCGA-WT-AB44-01;;NA;NA;;NA;NA;;;;NA;NA;NA;;;;;NA;NA;;;;NA;NA;;;;;77;No axillary staging;;3 Point Scale;3+;3 Point Scale;;NA;NA;NA;656;NA;0;883;NA;NA;;90-99%;FEMALE;1+;Infiltrating Lobular Carcinoma;;8520/3;3+;Negative;;;;NA;NA;Stage IA;Primary Tumor;1
TCGA-XX-A899-01;;NA;NA;;NA;NA;;;;NA;NA;NA;;;;;NA;NA;;;;NA;NA;;;;;46;Sentinel lymph node biopsy plus axillary dissection;;;;;NO;NA;NA;-17022;181;NA;0;467;NA;NA;;90-99%;FEMALE;;Infiltrating Lobular Carcinoma;;8520/3;;Negative;;;;NA;NA;Stage IIIA;Primary Tumor;1
