age_at_initial_pathologic_diagnosis;days_to_birth;days_to_collection;days_to_death;days_to_diabetes_onset;days_to_initial_pathologic_diagnosis;days_to_last_followup;days_to_new_tumor_event_additional_surgery_procedure;days_to_new_tumor_event_after_initial_treatment;days_to_pancreatitis_onset;gender;histologic_grading_tier_category;histological_type;histological_type_other;icd_o_3_histology;neoplasm_histologic_grade;pathologic_stage;sample_type;sample_type_id
TCGA-2J-AAB6-01;75;-27600;NA;293;NA;0;NA;NA;NA;NA;MALE;Four Tier;Pancreas-Adenocarcinoma Ductal Type;;8500/3;G2;Stage IIA;Primary Tumor;1
TCGA-2J-AABE-01;73;-26943;515;NA;-9;0;676;NA;NA;NA;MALE;Four Tier;Pancreas-Adenocarcinoma Ductal Type;;8500/3;G2;Stage IIA;Primary Tumor;1
TCGA-2J-AABR-01;60;-22131;243;NA;NA;0;438;NA;327;NA;FEMALE;Four Tier;Pancreas-Adenocarcinoma Ductal Type;;8500/3;G3;Stage IIA;Primary Tumor;1
TCGA-2J-AABV-01;74;-27082;495;652;NA;0;NA;NA;126;NA;MALE;Four Tier;Pancreas-Adenocarcinoma Ductal Type;;8500/3;G4;Stage IIB;Primary Tumor;1
TCGA-2L-AAQA-01;76;-28074;1378;143;NA;0;NA;NA;NA;NA;MALE;Three Tier;Pancreas-Adenocarcinoma Ductal Type;;8500/3;G2;Stage IIB;Primary Tumor;1
TCGA-2L-AAQI-01;66;-24381;912;103;NA;0;NA;NA;NA;-50;MALE;Three Tier;Pancreas-Adenocarcinoma Ductal Type;;8500/3;G3;Stage IIB;Primary Tumor;1
TCGA-3A-A9I7-01;45;-16766;1212;NA;NA;0;1323;NA;1309;NA;MALE;;Pancreas-Adenocarcinoma Ductal Type;;8500/3;G2;Stage IIB;Primary Tumor;1
TCGA-3A-A9IU-01;65;-23998;946;458;NA;0;NA;NA;NA;NA;MALE;Four Tier;Pancreas-Adenocarcinoma Ductal Type;;8500/3;G3;Stage IIB;Primary Tumor;1
TCGA-3A-A9J0-01;75;-27453;408;NA;NA;0;743;NA;363;NA;MALE;Four Tier;Pancreas-Adenocarcinoma Ductal Type;;8500/3;G2;Stage IIB;Primary Tumor;1
TCGA-3E-AAAZ-01;71;-26234;2095;2182;NA;0;NA;NA;NA;NA;MALE;;Pancreas-Adenocarcinoma Ductal Type;;8500/3;G2;Stage IIA;Primary Tumor;1
TCGA-F2-A44H-01;65;-24007;NA;NA;NA;0;586;NA;NA;NA;MALE;;Pancreas-Adenocarcinoma Ductal Type;;8140/3;G2;Stage IIA;Primary Tumor;1
TCGA-F2-A8YN-01;76;-28047;112;NA;NA;0;517;NA;NA;NA;MALE;;Pancreas-Adenocarcinoma Ductal Type;;8500/3;G2;Stage IIA;Primary Tumor;1
TCGA-FB-A4P5-01;69;-25412;90;179;NA;0;4;NA;NA;NA;FEMALE;;Pancreas-Adenocarcinoma Ductal Type;;8500/3;G2;Stage IIB;Primary Tumor;1
TCGA-FB-A4P6-01;54;-19904;76;NA;NA;0;767;NA;620;NA;MALE;;Pancreas-Adenocarcinoma Ductal Type;;8500/3;G1;Stage IIB;Primary Tumor;1
TCGA-FB-A545-01;72;-26635;65;732;NA;0;1;NA;378;NA;FEMALE;Four Tier;Pancreas-Adenocarcinoma Ductal Type;;8500/3;G2;Stage IIB;Primary Tumor;1
TCGA-FB-A78T-01;71;-26179;101;375;NA;0;1;NA;NA;NA;FEMALE;Three Tier;Pancreas-Adenocarcinoma Ductal Type;;8500/3;G2;Stage IIB;Primary Tumor;1
TCGA-FB-AAQ3-01;65;-23953;1275;31;NA;0;NA;NA;NA;NA;FEMALE;Four Tier;Pancreas-Adenocarcinoma Ductal Type;;8500/3;G2;Stage IIB;Primary Tumor;1
TCGA-FB-AAQ6-01;85;-31319;818;244;NA;0;NA;213;213;NA;MALE;Four Tier;Pancreas-Adenocarcinoma Ductal Type;;8500/3;G2;Stage IA;Primary Tumor;1
TCGA-H6-A45N-11;88;-32475;NA;421;NA;0;233;NA;363;NA;FEMALE;;Pancreas-Adenocarcinoma-Other Subtype;Poorly differentiated pancreatic adenocarcinoma;8140/3;G3;Stage IIB;Solid Tissue Normal;11
TCGA-HV-A5A4-01;72;-26311;219;NA;NA;0;232;NA;NA;NA;FEMALE;Three Tier;Pancreas-Adenocarcinoma Ductal Type;;8500/3;G2;Stage IIA;Primary Tumor;1
TCGA-HV-A7OP-01;72;-26322;NA;NA;NA;0;978;NA;346;NA;MALE;Three Tier;Pancreas-Adenocarcinoma-Other Subtype;Intraductal tubulopapillary neoplasm;8500/3;GX;Stage IIB;Primary Tumor;1
TCGA-HZ-7289-01;77;-28174;NA;661;NA;0;240;NA;228;NA;MALE;;Pancreas-Adenocarcinoma-Other Subtype;Adenocarcinoma, NOS;8140/3;G1;Stage IIB;Primary Tumor;1
TCGA-HZ-7925-01;66;-24150;NA;614;NA;0;361;NA;364;NA;MALE;;Pancreas-Adenocarcinoma Ductal Type;;8500/3;G2;Stage IIB;Primary Tumor;1
TCGA-HZ-7926-01;57;-21024;NA;518;NA;0;8;NA;340;NA;MALE;;Pancreas-Adenocarcinoma Ductal Type;;8500/3;G1;Stage IIB;Primary Tumor;1
TCGA-HZ-8001-01;69;-25227;NA;NA;NA;0;706;NA;NA;NA;MALE;;Pancreas-Adenocarcinoma Ductal Type;;8500/3;G2;Stage III;Primary Tumor;1
TCGA-HZ-8002-01;61;-22433;NA;366;NA;0;24;NA;NA;NA;MALE;;Pancreas-Adenocarcinoma Ductal Type;;8500/3;G2;Stage IIB;Primary Tumor;1
TCGA-HZ-8003-01;65;-23868;NA;596;NA;0;21;NA;NA;NA;FEMALE;;Pancreas-Adenocarcinoma Ductal Type;;8500/3;G2;Stage IIB;Primary Tumor;1
TCGA-HZ-8315-01;54;-19839;NA;299;NA;0;28;NA;NA;NA;FEMALE;Four Tier;Pancreas-Adenocarcinoma Ductal Type;;8500/3;G2;Stage IIA;Primary Tumor;1
TCGA-HZ-8317-01;69;-25214;NA;378;NA;0;16;NA;NA;NA;FEMALE;;Pancreas-Adenocarcinoma Ductal Type;;8500/3;G1;Stage IIB;Primary Tumor;1
TCGA-HZ-8637-01;76;-27929;NA;517;NA;0;0;NA;NA;NA;FEMALE;Four Tier;Pancreas-Adenocarcinoma Ductal Type;;8500/3;G3;Stage IIB;Primary Tumor;1
TCGA-HZ-8638-01;84;-30821;NA;151;NA;0;91;NA;NA;NA;FEMALE;;Pancreas-Colloid (mucinous non-cystic) Carcinoma;;8480/3;GX;Stage IA;Primary Tumor;1
TCGA-HZ-A49I-01;77;-28454;NA;308;NA;0;0;NA;NA;NA;MALE;Four Tier;Pancreas-Adenocarcinoma Ductal Type;;8500/3;G2;Stage IIB;Primary Tumor;1
TCGA-IB-7644-01;65;-24043;NA;394;NA;0;347;NA;NA;NA;FEMALE;;Pancreas-Adenocarcinoma Ductal Type;;8500/3;G2;Stage IV;Primary Tumor;1
TCGA-IB-7887-01;62;-22990;NA;110;NA;0;NA;NA;NA;NA;FEMALE;;Pancreas-Adenocarcinoma Ductal Type;;8500/3;G2;Stage IIB;Primary Tumor;1
TCGA-IB-A6UF-01;63;-23152;266;NA;-551;0;666;NA;593;NA;MALE;Four Tier;Pancreas-Adenocarcinoma Ductal Type;;8500/3;G2;Stage IIB;Primary Tumor;1
TCGA-IB-A7LX-01;57;-20898;273;250;NA;0;NA;NA;230;NA;MALE;;Pancreas-Adenocarcinoma Ductal Type;;8500/3;G2;Stage IIB;Primary Tumor;1
TCGA-IB-AAUN-01;74;-27128;97;144;NA;0;NA;NA;NA;NA;FEMALE;;Pancreas-Adenocarcinoma Ductal Type;;8500/3;G2;Stage IB;Primary Tumor;1
TCGA-IB-AAUO-01;64;-23622;87;239;NA;0;NA;NA;211;NA;FEMALE;;Pancreas-Adenocarcinoma Ductal Type;;8500/3;G3;Stage IIB;Primary Tumor;1
TCGA-IB-AAUP-01;68;-24864;146;NA;NA;0;431;NA;NA;NA;MALE;;Pancreas-Adenocarcinoma Ductal Type;;8500/3;G2;Stage IIB;Primary Tumor;1
TCGA-IB-AAUR-01;67;-24576;NA;NA;NA;0;338;NA;330;NA;MALE;;Pancreas-Adenocarcinoma Ductal Type;;8500/3;G1;Stage IIB;Primary Tumor;1
TCGA-IB-AAUS-01;84;-30684;70;NA;-49;0;225;NA;NA;NA;FEMALE;;Pancreas-Adenocarcinoma Ductal Type;;8500/3;G2;Stage IIB;Primary Tumor;1
TCGA-OE-A75W-01;75;-27684;49;267;NA;0;110;NA;146;-30;MALE;Four Tier;Pancreas-Adenocarcinoma Ductal Type;;8500/3;G1;Stage IIA;Primary Tumor;1
TCGA-Q3-A5QY-01;58;-21277;44;NA;-139;0;416;NA;NA;NA;MALE;Four Tier;Pancreas-Adenocarcinoma Ductal Type;;8500/3;G2;Stage IIB;Primary Tumor;1
TCGA-Q3-AA2A-01;64;-23685;18;NA;NA;0;95;NA;NA;NA;FEMALE;Three Tier;Pancreas-Adenocarcinoma Ductal Type;;8500/3;G1;Stage IB;Primary Tumor;1
TCGA-S4-A8RO-01;75;-27645;199;NA;NA;0;525;NA;291;NA;FEMALE;Three Tier;Pancreas-Adenocarcinoma Ductal Type;;8500/3;G2;Stage IIB;Primary Tumor;1
TCGA-US-A776-01;61;-22283;693;NA;NA;0;1216;NA;NA;NA;MALE;Four Tier;Pancreas-Colloid (mucinous non-cystic) Carcinoma;;8480/3;G2;Stage IIA;Primary Tumor;1
TCGA-US-A77E-01;73;-26745;468;430;NA;0;NA;NA;NA;NA;MALE;Four Tier;Pancreas-Adenocarcinoma-Other Subtype;Adenocarcinoma- NOS;8140/3;G3;Stage IIB;Primary Tumor;1
TCGA-XD-AAUI-01;50;-18607;63;366;NA;0;202;NA;184;NA;FEMALE;;Pancreas-Adenocarcinoma Ductal Type;;8500/3;G2;Stage IIB;Primary Tumor;1
TCGA-YY-A8LH-01;61;-22376;1717;NA;NA;0;2016;NA;NA;NA;FEMALE;;Pancreas-Adenocarcinoma Ductal Type;;8500/3;G3;Stage IIB;Primary Tumor;1
TCGA-Z5-AAPL-01;74;-27152;220;NA;NA;0;467;NA;NA;NA;FEMALE;;Pancreas-Adenocarcinoma Ductal Type;;8500/3;G1;Stage IIA;Primary Tumor;1
