age_at_initial_pathologic_diagnosis;days_to_birth;days_to_collection;days_to_death;days_to_initial_pathologic_diagnosis;days_to_last_followup;days_to_new_tumor_event_additional_surgery_procedure;days_to_new_tumor_event_after_initial_treatment;days_to_submitted_specimen_dx;gender;icd_o_3_histology;new_non_melanoma_event_histologic_type_text;pathologic_stage;sample_type;sample_type_id
TCGA-BF-A3DM-01;63;-23076;61;NA;0;601;;;0;MALE;8720/3;;Stage IIA;Primary Tumor;1
TCGA-BF-AAOU-01;73;-26750;199;NA;0;476;;;0;FEMALE;8730/3;;Stage IIC;Primary Tumor;1
TCGA-BF-AAP1-01;86;-31666;132;NA;0;409;;;0;MALE;8771/3;;Stage IIC;Primary Tumor;1
TCGA-BF-AAP2-01;62;-22734;NA;NA;0;405;;;0;MALE;8771/3;;Stage IIB;Primary Tumor;1
TCGA-D3-A1Q1-06;79;-29212;2305;504;0;;;;3;FEMALE;8720/3;;Stage IIIC;Metastatic;6
TCGA-D3-A1Q6-06;55;-20230;2654;2184;0;;;;50;MALE;8720/3;;Stage III;Metastatic;6
TCGA-D3-A2J7-06;67;-24692;3003;3136;0;;;;541;MALE;8720/3;;Stage IIIC;Metastatic;6
TCGA-D3-A2J8-06;48;-17626;2962;1992;0;;;;1737;MALE;8720/3;;Stage IB;Metastatic;6
TCGA-D3-A2JA-06;68;-25085;NA;NA;0;3514;;;822;MALE;8720/3;;Stage IIIA;Metastatic;6
TCGA-D3-A2JE-06;75;-27604;890;841;0;;;;140;FEMALE;8720/3;;Stage IIIC;Metastatic;6
TCGA-D3-A3C8-06;58;-21281;NA;NA;0;1409;;;0;FEMALE;8720/3;;Stage IIIC;Metastatic;6
TCGA-D3-A3ML-06;70;-25643;3205;422;0;;;;230;MALE;8720/3;;Stage IIIA;Metastatic;6
TCGA-D3-A51E-06;39;-14305;4887;NA;0;5318;;;2483;FEMALE;8720/3;;I/II NOS;Metastatic;6
TCGA-D3-A51T-06;59;-21823;387;NA;0;818;;;34;FEMALE;8720/3;;Stage IIIC;Metastatic;6
TCGA-D3-A5GL-06;74;-27095;3549;NA;0;3826;;;473;MALE;8720/3;;Stage IB;Metastatic;6
TCGA-D3-A8GD-06;63;-23109;359;NA;0;718;;;42;FEMALE;8720/3;;Stage IIIC;Metastatic;6
TCGA-D3-A8GK-06;45;-16569;4997;NA;0;5177;;;1868;MALE;8720/3;;Stage IIA;Metastatic;6
TCGA-D9-A3Z4-01;54;-19749;112;519;0;119;;192;0;MALE;8720/3;;Stage IIIC;Primary Tumor;1
TCGA-D9-A6EA-06;70;-25582;478;NA;0;[Discrepancy];;;422;MALE;8720/3;;Stage IIIC;Metastatic;6
TCGA-D9-A6EC-06;56;-20493;1716;NA;0;2359;;;1613;MALE;8720/3;;Stage IIIA;Metastatic;6
TCGA-DA-A1I1-06;55;-20399;NA;NA;0;6768;;;4734;MALE;8720/3;;Stage III;Metastatic;6
TCGA-DA-A1I2-06;45;-16701;5332;5370;0;4719;;5305;4679;MALE;8720/3;;Stage III;Metastatic;6
TCGA-DA-A3F3-06;52;-19330;353;319;0;151;;;106;MALE;8720/3;;Stage IIIB;Metastatic;6
TCGA-EB-A3XB-01;63;-23091;225;NA;0;796;;;0;MALE;8720/3;;Stage II;Primary Tumor;1
TCGA-EB-A41A-01;90;-32872;121;NA;0;262;;;0;MALE;8772/3;;Stage IIC;Primary Tumor;1
TCGA-EB-A42Y-01;73;-26712;99;721;0;6;;721;0;FEMALE;8720/3;;Stage IIC;Primary Tumor;1
TCGA-EB-A4XL-01;56;-20486;218;NA;0;777;;;0;FEMALE;8721/3;;Stage IIC;Primary Tumor;1
TCGA-EB-A5FP-01;65;-23833;83;454;0;6;;24|24;11;FEMALE;8720/3;;Stage IV;Primary Tumor;1
TCGA-EE-A17Z-06;57;-20970;959;263;0;;;;71;MALE;8720/3;;Stage IIB;Metastatic;6
TCGA-EE-A180-06;69;-25523;3412;2889;0;;;;2642;MALE;8720/3;;Stage III;Metastatic;6
TCGA-EE-A20H-06;56;-20476;NA;5118;0;;;;4838;MALE;8720/3;;Stage I;Metastatic;6
TCGA-EE-A29A-06;68;-25095;2974;1927;0;;;;1684;MALE;8720/3;;Stage IIIA;Metastatic;6
TCGA-EE-A29L-06;78;-28824;804;79;0;;;;46;MALE;8720/3;;Stage IIIC;Metastatic;6
TCGA-EE-A29S-06;79;-29087;1659;1864;0;1701;;;1397;MALE;8720/3;;Stage IIA;Metastatic;6
TCGA-EE-A2GC-06;82;-30084;1246;NA;0;2051;;;1008;MALE;8720/3;;Stage IIB;Metastatic;6
TCGA-EE-A2GH-06;34;-12727;5501;NA;0;6699;;;4892;MALE;8720/3;;Stage I;Metastatic;6
TCGA-EE-A2GK-06;46;-16879;1583;NA;0;1665;;;1178;FEMALE;8720/3;;Stage I;Metastatic;6
TCGA-EE-A2GM-06;70;-25711;2519;NA;0;2296;;;1435;FEMALE;8720/3;;Stage IIC;Metastatic;6
TCGA-EE-A2GS-06;28;-10421;1804;2470;0;1691;1831|1973|19652085|2253|2408|2455;1831|1945|1965|2072|2072|2253|2408|2455;1295;FEMALE;8730/3;;Stage IB;Metastatic;6
TCGA-EE-A2M8-06;54;-19808;4157;601;0;;;;413;FEMALE;8720/3;;Stage III;Metastatic;6
TCGA-EE-A2ME-06;51;-18841;NA;3141;0;;;;2245;MALE;8720/3;;Stage I;Metastatic;6
TCGA-EE-A2MG-06;23;-8405;5286;3139;0;;;;1793;MALE;8720/3;;Stage I;Metastatic;6
TCGA-EE-A3AA-06;47;-17196;3731;NA;0;3781;;;0;MALE;8720/3;;Stage III;Metastatic;6
TCGA-EE-A3AF-06;48;-17731;809;420;0;;;;0;FEMALE;8720/3;;Stage IIIC;Metastatic;6
TCGA-EE-A3J3-06;42;-15446;9396;5237;0;;;;5139;MALE;8730/3;;Stage IB;Metastatic;6
TCGA-ER-A19T-01;51;-18732;1597;270;0;;;;70;MALE;8744/3;;Stage IV;Primary Tumor;1
TCGA-ER-A2NC-06;50;-18582;1753;1333;0;;;;974;MALE;8720/3;;Stage IB;Metastatic;6
TCGA-ER-A42H-01;76;-28110;736;426;0;;;;114;MALE;8720/3;;;Primary Tumor;1
TCGA-FR-A726-01;90;-32873;140;305;0;263;;273;31;MALE;8742/3;;Stage IIC;Primary Tumor;1
TCGA-FS-A1YX-06;39;-14387;3485;1478;0;;;;1373;FEMALE;8720/3;;Stage I;Metastatic;6
TCGA-FS-A1ZD-06;63;-23344;3458;1628;0;;;;1378;MALE;8720/3;;Stage IIA;Metastatic;6
TCGA-FS-A1ZS-06;54;-19813;4822;NA;0;4526;2861|3031|3896|;2861|3031|3896|4049|4049|4049;3031;MALE;8720/3;;Stage I;Metastatic;6
TCGA-FS-A4FB-06;46;-16896;NA;813;0;;;;631;FEMALE;8720/3;;Stage III;Metastatic;6
TCGA-GN-A265-06;53;-19712;2400;NA;0;2948;;;0;MALE;8720/3;;;Metastatic;6
TCGA-GN-A4U8-11;51;-18953;NA;NA;0;1487;;;1050;MALE;8720/3;;;Solid Tissue Normal;11
TCGA-HR-A2OH-06;46;-16910;NA;2004;0;;;;1523;FEMALE;8720/3;;Stage IIIB;Metastatic;6
TCGA-WE-A8K4-01;85;-31308;203;NA;0;614;;;0;MALE;8721/3;;Stage IIB;Primary Tumor;1
TCGA-XV-AB01-06;54;-20058;NA;NA;0;403;;;0;FEMALE;8720/3;;Stage II;Metastatic;6
TCGA-Z2-AA3S-06;58;-21318;2646;NA;0;2950;;2846;2628;MALE;8720/3;;Stage IA;Metastatic;6
TCGA-Z2-AA3V-06;57;-20937;172;NA;0;486;;;175;FEMALE;8720/3;;Stage IA;Metastatic;6
